,ABIM,AB01,AB02,AB03,AB04,AB05,AB06,AB07,AB08,AB09,AB10,AB11,AB12,AB13
RAN,0.925,0.95,0.95,0.95,0.95,0.975,0.975,0.95,0.925,0.85,0.95,0.95,0.9,0.925
MMO,0.85,0.85,0.775,0.75,0.725,0.675,0.725,0.825,0.725,0.65,0.825,0.7,0.7,0.85
MMC,1.0,0.95,0.975,0.9,0.95,0.9,0.925,0.925,0.95,0.95,0.95,0.925,0.925,1.0
MMI,0.85,0.675,0.7,0.8,0.725,0.725,0.6,0.7,0.8,0.7,0.7,0.875,0.8,0.775
ABO,0.475,0.4,0.4,0.45,0.3,0.3,0.375,0.35,0.35,0.4,0.425,0.375,0.425,0.6
ABC,0.65,0.525,0.425,0.4,0.45,0.45,0.525,0.525,0.525,0.5,0.525,0.425,0.525,0.6
ABIM,0.425,0.475,0.45,0.35,0.4,0.325,0.425,0.375,0.2,0.45,0.275,0.35,0.3,0.475
AVG,0.7392857142857143,0.6892857142857143,0.6678571428571428,0.6571428571428571,0.6428571428571429,0.6214285714285714,0.65,0.6642857142857143,0.6392857142857142,0.6428571428571429,0.6642857142857143,0.6571428571428571,0.6535714285714286,0.7464285714285714
