,ABIM,AB01,AB02,AB03,AVG
RAN,0.9,0.9,0.9,1.0,0.925
MMO,0.8,0.7,0.8,0.8,0.7749999999999999
MMC,0.9,0.8,0.7,1.0,0.8500000000000001
MMI,0.9,0.5,0.7,0.6,0.6749999999999999
ABO,0.5,0.6,0.6,0.4,0.525
ABC,0.6,0.7,0.8,0.5,0.6499999999999999
ABIM,0.7,0.3,0.5,0.5,0.5
AVG,0.7571428571428571,0.6428571428571429,0.7142857142857143,0.6857142857142857,
